-- Enhanced SKU Catalog Seed Data
-- Comprehensive cloud pricing database for AWS, Azure, GCP, OCI
-- Generated by SolsArch Phase 2 Implementation

-- First, insert providers
INSERT INTO public.providers (id, name, display_name, logo_url, regions, is_active)
VALUES 
  ('11111111-1111-1111-1111-111111111111', 'aws', 'Amazon Web Services', '/logos/aws.svg', ARRAY['us-east-1', 'us-west-2', 'eu-west-1', 'ap-south-1', 'ap-southeast-1'], true),
  ('22222222-2222-2222-2222-222222222222', 'azure', 'Microsoft Azure', '/logos/azure.svg', ARRAY['eastus', 'westus2', 'westeurope', 'centralindia', 'southeastasia'], true),
  ('33333333-3333-3333-3333-333333333333', 'gcp', 'Google Cloud Platform', '/logos/gcp.svg', ARRAY['us-central1', 'us-west1', 'europe-west1', 'asia-south1', 'asia-southeast1'], true),
  ('44444444-4444-4444-4444-444444444444', 'oci', 'Oracle Cloud Infrastructure', '/logos/oci.svg', ARRAY['us-ashburn-1', 'us-phoenix-1', 'eu-frankfurt-1', 'ap-mumbai-1', 'ap-singapore-1'], true)
ON CONFLICT (name) DO UPDATE SET 
  display_name = EXCLUDED.display_name,
  regions = EXCLUDED.regions;

-- Insert service categories
INSERT INTO public.service_categories (id, name, display_name, description)
VALUES
  ('aaaaaaaa-aaaa-aaaa-aaaa-aaaaaaaaaaaa', 'compute', 'Compute', 'Virtual machines and compute instances'),
  ('bbbbbbbb-bbbb-bbbb-bbbb-bbbbbbbbbbbb', 'database', 'Database', 'Managed database services'),
  ('cccccccc-cccc-cccc-cccc-cccccccccccc', 'storage', 'Storage', 'Object and block storage'),
  ('dddddddd-dddd-dddd-dddd-dddddddddddd', 'cache', 'Cache', 'In-memory caching services'),
  ('eeeeeeee-eeee-eeee-eeee-eeeeeeeeeeee', 'networking', 'Networking', 'Load balancers, VPCs, CDN'),
  ('ffffffff-ffff-ffff-ffff-ffffffffffff', 'container', 'Containers', 'Kubernetes and container services'),
  ('gggggggg-gggg-gggg-gggg-gggggggggggg', 'serverless', 'Serverless', 'Function-as-a-Service'),
  ('hhhhhhhh-hhhh-hhhh-hhhh-hhhhhhhhhhhh', 'gpu', 'GPU Compute', 'GPU instances for ML/AI'),
  ('iiiiiiii-iiii-iiii-iiii-iiiiiiiiiiii', 'queue', 'Message Queue', 'Message queuing services'),
  ('jjjjjjjj-jjjj-jjjj-jjjj-jjjjjjjjjjjj', 'analytics', 'Analytics', 'Data analytics and processing')
ON CONFLICT (name) DO UPDATE SET 
  display_name = EXCLUDED.display_name,
  description = EXCLUDED.description;

-- =====================================================
-- AWS SKUs
-- =====================================================

-- AWS Compute Instances
INSERT INTO public.skus (provider_id, category_id, name, display_name, description, region, vcpu, memory_gb, price_per_hour, price_per_month, specs)
VALUES
  -- General Purpose
  ('11111111-1111-1111-1111-111111111111', 'aaaaaaaa-aaaa-aaaa-aaaa-aaaaaaaaaaaa', 't3.micro', 'T3 Micro', '2 vCPU, 1 GB RAM - Burstable', 'us-east-1', 2, 1, 0.0104, 7.59, '{"family": "t3", "generation": "current", "network": "Up to 5 Gbps"}'),
  ('11111111-1111-1111-1111-111111111111', 'aaaaaaaa-aaaa-aaaa-aaaa-aaaaaaaaaaaa', 't3.small', 'T3 Small', '2 vCPU, 2 GB RAM - Burstable', 'us-east-1', 2, 2, 0.0208, 15.18, '{"family": "t3", "generation": "current", "network": "Up to 5 Gbps"}'),
  ('11111111-1111-1111-1111-111111111111', 'aaaaaaaa-aaaa-aaaa-aaaa-aaaaaaaaaaaa', 't3.medium', 'T3 Medium', '2 vCPU, 4 GB RAM - Burstable', 'us-east-1', 2, 4, 0.0416, 30.37, '{"family": "t3", "generation": "current", "network": "Up to 5 Gbps"}'),
  ('11111111-1111-1111-1111-111111111111', 'aaaaaaaa-aaaa-aaaa-aaaa-aaaaaaaaaaaa', 't3.large', 'T3 Large', '2 vCPU, 8 GB RAM - Burstable', 'us-east-1', 2, 8, 0.0832, 60.74, '{"family": "t3", "generation": "current", "network": "Up to 5 Gbps"}'),
  ('11111111-1111-1111-1111-111111111111', 'aaaaaaaa-aaaa-aaaa-aaaa-aaaaaaaaaaaa', 'm6i.large', 'M6i Large', '2 vCPU, 8 GB RAM', 'us-east-1', 2, 8, 0.096, 70.08, '{"family": "m6i", "generation": "6th", "network": "Up to 12.5 Gbps"}'),
  ('11111111-1111-1111-1111-111111111111', 'aaaaaaaa-aaaa-aaaa-aaaa-aaaaaaaaaaaa', 'm6i.xlarge', 'M6i XLarge', '4 vCPU, 16 GB RAM', 'us-east-1', 4, 16, 0.192, 140.16, '{"family": "m6i", "generation": "6th", "network": "Up to 12.5 Gbps"}'),
  ('11111111-1111-1111-1111-111111111111', 'aaaaaaaa-aaaa-aaaa-aaaa-aaaaaaaaaaaa', 'm6i.2xlarge', 'M6i 2XLarge', '8 vCPU, 32 GB RAM', 'us-east-1', 8, 32, 0.384, 280.32, '{"family": "m6i", "generation": "6th", "network": "Up to 12.5 Gbps"}'),
  ('11111111-1111-1111-1111-111111111111', 'aaaaaaaa-aaaa-aaaa-aaaa-aaaaaaaaaaaa', 'm6i.4xlarge', 'M6i 4XLarge', '16 vCPU, 64 GB RAM', 'us-east-1', 16, 64, 0.768, 560.64, '{"family": "m6i", "generation": "6th", "network": "Up to 12.5 Gbps"}'),
  -- Compute Optimized
  ('11111111-1111-1111-1111-111111111111', 'aaaaaaaa-aaaa-aaaa-aaaa-aaaaaaaaaaaa', 'c6i.large', 'C6i Large', '2 vCPU, 4 GB RAM - Compute Optimized', 'us-east-1', 2, 4, 0.085, 62.05, '{"family": "c6i", "generation": "6th", "optimized": "compute"}'),
  ('11111111-1111-1111-1111-111111111111', 'aaaaaaaa-aaaa-aaaa-aaaa-aaaaaaaaaaaa', 'c6i.xlarge', 'C6i XLarge', '4 vCPU, 8 GB RAM - Compute Optimized', 'us-east-1', 4, 8, 0.17, 124.10, '{"family": "c6i", "generation": "6th", "optimized": "compute"}'),
  ('11111111-1111-1111-1111-111111111111', 'aaaaaaaa-aaaa-aaaa-aaaa-aaaaaaaaaaaa', 'c6i.2xlarge', 'C6i 2XLarge', '8 vCPU, 16 GB RAM - Compute Optimized', 'us-east-1', 8, 16, 0.34, 248.20, '{"family": "c6i", "generation": "6th", "optimized": "compute"}'),
  -- Memory Optimized
  ('11111111-1111-1111-1111-111111111111', 'aaaaaaaa-aaaa-aaaa-aaaa-aaaaaaaaaaaa', 'r6i.large', 'R6i Large', '2 vCPU, 16 GB RAM - Memory Optimized', 'us-east-1', 2, 16, 0.126, 91.98, '{"family": "r6i", "generation": "6th", "optimized": "memory"}'),
  ('11111111-1111-1111-1111-111111111111', 'aaaaaaaa-aaaa-aaaa-aaaa-aaaaaaaaaaaa', 'r6i.xlarge', 'R6i XLarge', '4 vCPU, 32 GB RAM - Memory Optimized', 'us-east-1', 4, 32, 0.252, 183.96, '{"family": "r6i", "generation": "6th", "optimized": "memory"}'),
  ('11111111-1111-1111-1111-111111111111', 'aaaaaaaa-aaaa-aaaa-aaaa-aaaaaaaaaaaa', 'r6i.2xlarge', 'R6i 2XLarge', '8 vCPU, 64 GB RAM - Memory Optimized', 'us-east-1', 8, 64, 0.504, 367.92, '{"family": "r6i", "generation": "6th", "optimized": "memory"}')
ON CONFLICT (provider_id, name, region) DO UPDATE SET 
  display_name = EXCLUDED.display_name,
  price_per_hour = EXCLUDED.price_per_hour,
  price_per_month = EXCLUDED.price_per_month;

-- AWS GPU Instances
INSERT INTO public.skus (provider_id, category_id, name, display_name, description, region, vcpu, memory_gb, gpu_type, gpu_count, gpu_memory_gb, tflops, price_per_hour, price_per_month, specs)
VALUES
  ('11111111-1111-1111-1111-111111111111', 'hhhhhhhh-hhhh-hhhh-hhhh-hhhhhhhhhhhh', 'p4d.24xlarge', 'P4d 24XLarge', '8x NVIDIA A100 40GB', 'us-east-1', 96, 1152, 'NVIDIA A100', 8, 320, 2496, 32.77, 23921.60, '{"interconnect": "NVSwitch", "storage": "8x 1TB NVMe"}'),
  ('11111111-1111-1111-1111-111111111111', 'hhhhhhhh-hhhh-hhhh-hhhh-hhhhhhhhhhhh', 'p3.2xlarge', 'P3 2XLarge', '1x NVIDIA V100 16GB', 'us-east-1', 8, 61, 'NVIDIA V100', 1, 16, 125, 3.06, 2233.80, '{"interconnect": "PCIe", "storage": "EBS only"}'),
  ('11111111-1111-1111-1111-111111111111', 'hhhhhhhh-hhhh-hhhh-hhhh-hhhhhhhhhhhh', 'p3.8xlarge', 'P3 8XLarge', '4x NVIDIA V100 16GB', 'us-east-1', 32, 244, 'NVIDIA V100', 4, 64, 500, 12.24, 8935.20, '{"interconnect": "NVLink", "storage": "EBS only"}'),
  ('11111111-1111-1111-1111-111111111111', 'hhhhhhhh-hhhh-hhhh-hhhh-hhhhhhhhhhhh', 'g4dn.xlarge', 'G4dn XLarge', '1x NVIDIA T4 16GB', 'us-east-1', 4, 16, 'NVIDIA T4', 1, 16, 65, 0.526, 383.98, '{"storage": "125 GB NVMe SSD"}'),
  ('11111111-1111-1111-1111-111111111111', 'hhhhhhhh-hhhh-hhhh-hhhh-hhhhhhhhhhhh', 'g4dn.2xlarge', 'G4dn 2XLarge', '1x NVIDIA T4 16GB', 'us-east-1', 8, 32, 'NVIDIA T4', 1, 16, 65, 0.752, 548.96, '{"storage": "225 GB NVMe SSD"}'),
  ('11111111-1111-1111-1111-111111111111', 'hhhhhhhh-hhhh-hhhh-hhhh-hhhhhhhhhhhh', 'g5.xlarge', 'G5 XLarge', '1x NVIDIA A10G 24GB', 'us-east-1', 4, 16, 'NVIDIA A10G', 1, 24, 125, 1.006, 734.38, '{"storage": "250 GB NVMe SSD"}'),
  ('11111111-1111-1111-1111-111111111111', 'hhhhhhhh-hhhh-hhhh-hhhh-hhhhhhhhhhhh', 'g5.2xlarge', 'G5 2XLarge', '1x NVIDIA A10G 24GB', 'us-east-1', 8, 32, 'NVIDIA A10G', 1, 24, 125, 1.212, 884.76, '{"storage": "450 GB NVMe SSD"}')
ON CONFLICT (provider_id, name, region) DO UPDATE SET 
  display_name = EXCLUDED.display_name,
  price_per_hour = EXCLUDED.price_per_hour;

-- AWS Database
INSERT INTO public.skus (provider_id, category_id, name, display_name, description, region, vcpu, memory_gb, price_per_hour, price_per_month, specs)
VALUES
  ('11111111-1111-1111-1111-111111111111', 'bbbbbbbb-bbbb-bbbb-bbbb-bbbbbbbbbbbb', 'db.t3.micro', 'RDS T3 Micro', '2 vCPU, 1 GB RAM', 'us-east-1', 2, 1, 0.017, 12.41, '{"engine": "postgres/mysql", "type": "burstable"}'),
  ('11111111-1111-1111-1111-111111111111', 'bbbbbbbb-bbbb-bbbb-bbbb-bbbbbbbbbbbb', 'db.t3.small', 'RDS T3 Small', '2 vCPU, 2 GB RAM', 'us-east-1', 2, 2, 0.034, 24.82, '{"engine": "postgres/mysql", "type": "burstable"}'),
  ('11111111-1111-1111-1111-111111111111', 'bbbbbbbb-bbbb-bbbb-bbbb-bbbbbbbbbbbb', 'db.t3.medium', 'RDS T3 Medium', '2 vCPU, 4 GB RAM', 'us-east-1', 2, 4, 0.068, 49.64, '{"engine": "postgres/mysql", "type": "burstable"}'),
  ('11111111-1111-1111-1111-111111111111', 'bbbbbbbb-bbbb-bbbb-bbbb-bbbbbbbbbbbb', 'db.r6g.large', 'RDS R6g Large', '2 vCPU, 16 GB RAM', 'us-east-1', 2, 16, 0.26, 189.80, '{"engine": "postgres/mysql", "type": "memory-optimized"}'),
  ('11111111-1111-1111-1111-111111111111', 'bbbbbbbb-bbbb-bbbb-bbbb-bbbbbbbbbbbb', 'db.r6g.xlarge', 'RDS R6g XLarge', '4 vCPU, 32 GB RAM', 'us-east-1', 4, 32, 0.52, 379.60, '{"engine": "postgres/mysql", "type": "memory-optimized"}'),
  ('11111111-1111-1111-1111-111111111111', 'bbbbbbbb-bbbb-bbbb-bbbb-bbbbbbbbbbbb', 'db.r6g.2xlarge', 'RDS R6g 2XLarge', '8 vCPU, 64 GB RAM', 'us-east-1', 8, 64, 1.04, 759.20, '{"engine": "postgres/mysql", "type": "memory-optimized"}')
ON CONFLICT (provider_id, name, region) DO UPDATE SET 
  display_name = EXCLUDED.display_name,
  price_per_hour = EXCLUDED.price_per_hour;

-- AWS Cache (ElastiCache)
INSERT INTO public.skus (provider_id, category_id, name, display_name, description, region, vcpu, memory_gb, price_per_hour, price_per_month, specs)
VALUES
  ('11111111-1111-1111-1111-111111111111', 'dddddddd-dddd-dddd-dddd-dddddddddddd', 'cache.t3.micro', 'ElastiCache T3 Micro', '2 vCPU, 0.5 GB RAM', 'us-east-1', 2, 0.5, 0.017, 12.41, '{"engine": "redis/memcached"}'),
  ('11111111-1111-1111-1111-111111111111', 'dddddddd-dddd-dddd-dddd-dddddddddddd', 'cache.t3.small', 'ElastiCache T3 Small', '2 vCPU, 1.37 GB RAM', 'us-east-1', 2, 1.37, 0.034, 24.82, '{"engine": "redis/memcached"}'),
  ('11111111-1111-1111-1111-111111111111', 'dddddddd-dddd-dddd-dddd-dddddddddddd', 'cache.r6g.large', 'ElastiCache R6g Large', '2 vCPU, 13.07 GB RAM', 'us-east-1', 2, 13.07, 0.206, 150.38, '{"engine": "redis/memcached"}'),
  ('11111111-1111-1111-1111-111111111111', 'dddddddd-dddd-dddd-dddd-dddddddddddd', 'cache.r6g.xlarge', 'ElastiCache R6g XLarge', '4 vCPU, 26.32 GB RAM', 'us-east-1', 4, 26.32, 0.412, 300.76, '{"engine": "redis/memcached"}')
ON CONFLICT (provider_id, name, region) DO UPDATE SET 
  display_name = EXCLUDED.display_name,
  price_per_hour = EXCLUDED.price_per_hour;

-- =====================================================
-- AZURE SKUs
-- =====================================================

-- Azure Compute
INSERT INTO public.skus (provider_id, category_id, name, display_name, description, region, vcpu, memory_gb, price_per_hour, price_per_month, specs)
VALUES
  ('22222222-2222-2222-2222-222222222222', 'aaaaaaaa-aaaa-aaaa-aaaa-aaaaaaaaaaaa', 'Standard_B1s', 'B1s', '1 vCPU, 1 GB RAM - Burstable', 'eastus', 1, 1, 0.0104, 7.59, '{"family": "B-series", "type": "burstable"}'),
  ('22222222-2222-2222-2222-222222222222', 'aaaaaaaa-aaaa-aaaa-aaaa-aaaaaaaaaaaa', 'Standard_B2s', 'B2s', '2 vCPU, 4 GB RAM - Burstable', 'eastus', 2, 4, 0.0416, 30.37, '{"family": "B-series", "type": "burstable"}'),
  ('22222222-2222-2222-2222-222222222222', 'aaaaaaaa-aaaa-aaaa-aaaa-aaaaaaaaaaaa', 'Standard_D2s_v5', 'D2s v5', '2 vCPU, 8 GB RAM', 'eastus', 2, 8, 0.096, 70.08, '{"family": "Dsv5-series", "type": "general"}'),
  ('22222222-2222-2222-2222-222222222222', 'aaaaaaaa-aaaa-aaaa-aaaa-aaaaaaaaaaaa', 'Standard_D4s_v5', 'D4s v5', '4 vCPU, 16 GB RAM', 'eastus', 4, 16, 0.192, 140.16, '{"family": "Dsv5-series", "type": "general"}'),
  ('22222222-2222-2222-2222-222222222222', 'aaaaaaaa-aaaa-aaaa-aaaa-aaaaaaaaaaaa', 'Standard_D8s_v5', 'D8s v5', '8 vCPU, 32 GB RAM', 'eastus', 8, 32, 0.384, 280.32, '{"family": "Dsv5-series", "type": "general"}'),
  ('22222222-2222-2222-2222-222222222222', 'aaaaaaaa-aaaa-aaaa-aaaa-aaaaaaaaaaaa', 'Standard_D16s_v5', 'D16s v5', '16 vCPU, 64 GB RAM', 'eastus', 16, 64, 0.768, 560.64, '{"family": "Dsv5-series", "type": "general"}'),
  ('22222222-2222-2222-2222-222222222222', 'aaaaaaaa-aaaa-aaaa-aaaa-aaaaaaaaaaaa', 'Standard_E2s_v5', 'E2s v5', '2 vCPU, 16 GB RAM - Memory Optimized', 'eastus', 2, 16, 0.126, 91.98, '{"family": "Esv5-series", "type": "memory"}'),
  ('22222222-2222-2222-2222-222222222222', 'aaaaaaaa-aaaa-aaaa-aaaa-aaaaaaaaaaaa', 'Standard_E4s_v5', 'E4s v5', '4 vCPU, 32 GB RAM - Memory Optimized', 'eastus', 4, 32, 0.252, 183.96, '{"family": "Esv5-series", "type": "memory"}'),
  ('22222222-2222-2222-2222-222222222222', 'aaaaaaaa-aaaa-aaaa-aaaa-aaaaaaaaaaaa', 'Standard_F2s_v2', 'F2s v2', '2 vCPU, 4 GB RAM - Compute Optimized', 'eastus', 2, 4, 0.085, 62.05, '{"family": "Fsv2-series", "type": "compute"}'),
  ('22222222-2222-2222-2222-222222222222', 'aaaaaaaa-aaaa-aaaa-aaaa-aaaaaaaaaaaa', 'Standard_F4s_v2', 'F4s v2', '4 vCPU, 8 GB RAM - Compute Optimized', 'eastus', 4, 8, 0.17, 124.10, '{"family": "Fsv2-series", "type": "compute"}')
ON CONFLICT (provider_id, name, region) DO UPDATE SET 
  display_name = EXCLUDED.display_name,
  price_per_hour = EXCLUDED.price_per_hour;

-- Azure GPU
INSERT INTO public.skus (provider_id, category_id, name, display_name, description, region, vcpu, memory_gb, gpu_type, gpu_count, gpu_memory_gb, tflops, price_per_hour, price_per_month, specs)
VALUES
  ('22222222-2222-2222-2222-222222222222', 'hhhhhhhh-hhhh-hhhh-hhhh-hhhhhhhhhhhh', 'Standard_NC6s_v3', 'NC6s v3', '1x NVIDIA V100 16GB', 'eastus', 6, 112, 'NVIDIA V100', 1, 16, 125, 3.06, 2233.80, '{"family": "NCsv3-series"}'),
  ('22222222-2222-2222-2222-222222222222', 'hhhhhhhh-hhhh-hhhh-hhhh-hhhhhhhhhhhh', 'Standard_NC12s_v3', 'NC12s v3', '2x NVIDIA V100 16GB', 'eastus', 12, 224, 'NVIDIA V100', 2, 32, 250, 6.12, 4467.60, '{"family": "NCsv3-series"}'),
  ('22222222-2222-2222-2222-222222222222', 'hhhhhhhh-hhhh-hhhh-hhhh-hhhhhhhhhhhh', 'Standard_NC24s_v3', 'NC24s v3', '4x NVIDIA V100 16GB', 'eastus', 24, 448, 'NVIDIA V100', 4, 64, 500, 12.24, 8935.20, '{"family": "NCsv3-series"}'),
  ('22222222-2222-2222-2222-222222222222', 'hhhhhhhh-hhhh-hhhh-hhhh-hhhhhhhhhhhh', 'Standard_NC4as_T4_v3', 'NC4as T4 v3', '1x NVIDIA T4 16GB', 'eastus', 4, 28, 'NVIDIA T4', 1, 16, 65, 0.526, 383.98, '{"family": "NCasT4v3-series"}'),
  ('22222222-2222-2222-2222-222222222222', 'hhhhhhhh-hhhh-hhhh-hhhh-hhhhhhhhhhhh', 'Standard_ND96asr_v4', 'ND96asr v4', '8x NVIDIA A100 40GB', 'eastus', 96, 900, 'NVIDIA A100', 8, 320, 2496, 27.20, 19856.00, '{"family": "NDasrv4-series"}')
ON CONFLICT (provider_id, name, region) DO UPDATE SET 
  display_name = EXCLUDED.display_name,
  price_per_hour = EXCLUDED.price_per_hour;

-- Azure Database
INSERT INTO public.skus (provider_id, category_id, name, display_name, description, region, vcpu, memory_gb, price_per_hour, price_per_month, specs)
VALUES
  ('22222222-2222-2222-2222-222222222222', 'bbbbbbbb-bbbb-bbbb-bbbb-bbbbbbbbbbbb', 'Standard_B1ms', 'PostgreSQL B1ms', '1 vCPU, 2 GB RAM', 'eastus', 1, 2, 0.032, 23.36, '{"engine": "postgresql"}'),
  ('22222222-2222-2222-2222-222222222222', 'bbbbbbbb-bbbb-bbbb-bbbb-bbbbbbbbbbbb', 'Standard_D2s_v3', 'PostgreSQL D2s v3', '2 vCPU, 8 GB RAM', 'eastus', 2, 8, 0.124, 90.52, '{"engine": "postgresql"}'),
  ('22222222-2222-2222-2222-222222222222', 'bbbbbbbb-bbbb-bbbb-bbbb-bbbbbbbbbbbb', 'Standard_D4s_v3', 'PostgreSQL D4s v3', '4 vCPU, 16 GB RAM', 'eastus', 4, 16, 0.248, 181.04, '{"engine": "postgresql"}'),
  ('22222222-2222-2222-2222-222222222222', 'bbbbbbbb-bbbb-bbbb-bbbb-bbbbbbbbbbbb', 'Standard_E2s_v3', 'PostgreSQL E2s v3', '2 vCPU, 16 GB RAM', 'eastus', 2, 16, 0.166, 121.18, '{"engine": "postgresql"}')
ON CONFLICT (provider_id, name, region) DO UPDATE SET 
  display_name = EXCLUDED.display_name,
  price_per_hour = EXCLUDED.price_per_hour;

-- =====================================================
-- GCP SKUs
-- =====================================================

-- GCP Compute
INSERT INTO public.skus (provider_id, category_id, name, display_name, description, region, vcpu, memory_gb, price_per_hour, price_per_month, specs)
VALUES
  ('33333333-3333-3333-3333-333333333333', 'aaaaaaaa-aaaa-aaaa-aaaa-aaaaaaaaaaaa', 'e2-micro', 'E2 Micro', '0.25-2 vCPU, 1 GB RAM - Shared', 'us-central1', 2, 1, 0.0084, 6.13, '{"family": "e2", "type": "shared"}'),
  ('33333333-3333-3333-3333-333333333333', 'aaaaaaaa-aaaa-aaaa-aaaa-aaaaaaaaaaaa', 'e2-small', 'E2 Small', '0.5-2 vCPU, 2 GB RAM - Shared', 'us-central1', 2, 2, 0.0168, 12.26, '{"family": "e2", "type": "shared"}'),
  ('33333333-3333-3333-3333-333333333333', 'aaaaaaaa-aaaa-aaaa-aaaa-aaaaaaaaaaaa', 'e2-medium', 'E2 Medium', '1-2 vCPU, 4 GB RAM - Shared', 'us-central1', 2, 4, 0.0336, 24.53, '{"family": "e2", "type": "shared"}'),
  ('33333333-3333-3333-3333-333333333333', 'aaaaaaaa-aaaa-aaaa-aaaa-aaaaaaaaaaaa', 'n2-standard-2', 'N2 Standard 2', '2 vCPU, 8 GB RAM', 'us-central1', 2, 8, 0.0971, 70.88, '{"family": "n2", "type": "standard"}'),
  ('33333333-3333-3333-3333-333333333333', 'aaaaaaaa-aaaa-aaaa-aaaa-aaaaaaaaaaaa', 'n2-standard-4', 'N2 Standard 4', '4 vCPU, 16 GB RAM', 'us-central1', 4, 16, 0.1942, 141.77, '{"family": "n2", "type": "standard"}'),
  ('33333333-3333-3333-3333-333333333333', 'aaaaaaaa-aaaa-aaaa-aaaa-aaaaaaaaaaaa', 'n2-standard-8', 'N2 Standard 8', '8 vCPU, 32 GB RAM', 'us-central1', 8, 32, 0.3885, 283.60, '{"family": "n2", "type": "standard"}'),
  ('33333333-3333-3333-3333-333333333333', 'aaaaaaaa-aaaa-aaaa-aaaa-aaaaaaaaaaaa', 'n2-standard-16', 'N2 Standard 16', '16 vCPU, 64 GB RAM', 'us-central1', 16, 64, 0.7769, 567.14, '{"family": "n2", "type": "standard"}'),
  ('33333333-3333-3333-3333-333333333333', 'aaaaaaaa-aaaa-aaaa-aaaa-aaaaaaaaaaaa', 'c2-standard-4', 'C2 Standard 4', '4 vCPU, 16 GB RAM - Compute Optimized', 'us-central1', 4, 16, 0.2088, 152.42, '{"family": "c2", "type": "compute"}'),
  ('33333333-3333-3333-3333-333333333333', 'aaaaaaaa-aaaa-aaaa-aaaa-aaaaaaaaaaaa', 'n2-highmem-2', 'N2 High-Mem 2', '2 vCPU, 16 GB RAM - Memory Optimized', 'us-central1', 2, 16, 0.1310, 95.63, '{"family": "n2", "type": "highmem"}'),
  ('33333333-3333-3333-3333-333333333333', 'aaaaaaaa-aaaa-aaaa-aaaa-aaaaaaaaaaaa', 'n2-highmem-4', 'N2 High-Mem 4', '4 vCPU, 32 GB RAM - Memory Optimized', 'us-central1', 4, 32, 0.2620, 191.26, '{"family": "n2", "type": "highmem"}')
ON CONFLICT (provider_id, name, region) DO UPDATE SET 
  display_name = EXCLUDED.display_name,
  price_per_hour = EXCLUDED.price_per_hour;

-- GCP GPU
INSERT INTO public.skus (provider_id, category_id, name, display_name, description, region, vcpu, memory_gb, gpu_type, gpu_count, gpu_memory_gb, tflops, price_per_hour, price_per_month, specs)
VALUES
  ('33333333-3333-3333-3333-333333333333', 'hhhhhhhh-hhhh-hhhh-hhhh-hhhhhhhhhhhh', 'a2-highgpu-1g', 'A2 HighGPU 1G', '1x NVIDIA A100 40GB', 'us-central1', 12, 85, 'NVIDIA A100', 1, 40, 312, 3.67, 2679.10, '{"family": "a2"}'),
  ('33333333-3333-3333-3333-333333333333', 'hhhhhhhh-hhhh-hhhh-hhhh-hhhhhhhhhhhh', 'a2-highgpu-2g', 'A2 HighGPU 2G', '2x NVIDIA A100 40GB', 'us-central1', 24, 170, 'NVIDIA A100', 2, 80, 624, 7.35, 5365.50, '{"family": "a2"}'),
  ('33333333-3333-3333-3333-333333333333', 'hhhhhhhh-hhhh-hhhh-hhhh-hhhhhhhhhhhh', 'a2-highgpu-4g', 'A2 HighGPU 4G', '4x NVIDIA A100 40GB', 'us-central1', 48, 340, 'NVIDIA A100', 4, 160, 1248, 14.69, 10723.70, '{"family": "a2"}'),
  ('33333333-3333-3333-3333-333333333333', 'hhhhhhhh-hhhh-hhhh-hhhh-hhhhhhhhhhhh', 'a2-megagpu-16g', 'A2 MegaGPU 16G', '16x NVIDIA A100 40GB', 'us-central1', 96, 1360, 'NVIDIA A100', 16, 640, 4992, 55.74, 40690.20, '{"family": "a2"}'),
  ('33333333-3333-3333-3333-333333333333', 'hhhhhhhh-hhhh-hhhh-hhhh-hhhhhhhhhhhh', 'n1-standard-4-t4', 'N1 + T4', '1x NVIDIA T4 16GB', 'us-central1', 4, 15, 'NVIDIA T4', 1, 16, 65, 0.526, 383.98, '{"family": "n1"}')
ON CONFLICT (provider_id, name, region) DO UPDATE SET 
  display_name = EXCLUDED.display_name,
  price_per_hour = EXCLUDED.price_per_hour;

-- GCP Database (Cloud SQL)
INSERT INTO public.skus (provider_id, category_id, name, display_name, description, region, vcpu, memory_gb, price_per_hour, price_per_month, specs)
VALUES
  ('33333333-3333-3333-3333-333333333333', 'bbbbbbbb-bbbb-bbbb-bbbb-bbbbbbbbbbbb', 'db-f1-micro', 'Cloud SQL F1 Micro', '0.6 GB RAM - Shared', 'us-central1', 1, 0.6, 0.0150, 10.95, '{"engine": "postgres/mysql"}'),
  ('33333333-3333-3333-3333-333333333333', 'bbbbbbbb-bbbb-bbbb-bbbb-bbbbbbbbbbbb', 'db-g1-small', 'Cloud SQL G1 Small', '1.7 GB RAM - Shared', 'us-central1', 1, 1.7, 0.0500, 36.50, '{"engine": "postgres/mysql"}'),
  ('33333333-3333-3333-3333-333333333333', 'bbbbbbbb-bbbb-bbbb-bbbb-bbbbbbbbbbbb', 'db-custom-2-8192', 'Cloud SQL 2vCPU 8GB', '2 vCPU, 8 GB RAM', 'us-central1', 2, 8, 0.1205, 87.97, '{"engine": "postgres/mysql"}'),
  ('33333333-3333-3333-3333-333333333333', 'bbbbbbbb-bbbb-bbbb-bbbb-bbbbbbbbbbbb', 'db-custom-4-16384', 'Cloud SQL 4vCPU 16GB', '4 vCPU, 16 GB RAM', 'us-central1', 4, 16, 0.2410, 175.93, '{"engine": "postgres/mysql"}'),
  ('33333333-3333-3333-3333-333333333333', 'bbbbbbbb-bbbb-bbbb-bbbb-bbbbbbbbbbbb', 'db-custom-8-32768', 'Cloud SQL 8vCPU 32GB', '8 vCPU, 32 GB RAM', 'us-central1', 8, 32, 0.4820, 351.86, '{"engine": "postgres/mysql"}')
ON CONFLICT (provider_id, name, region) DO UPDATE SET 
  display_name = EXCLUDED.display_name,
  price_per_hour = EXCLUDED.price_per_hour;

-- =====================================================
-- OCI SKUs
-- =====================================================

-- OCI Compute
INSERT INTO public.skus (provider_id, category_id, name, display_name, description, region, vcpu, memory_gb, price_per_hour, price_per_month, specs)
VALUES
  ('44444444-4444-4444-4444-444444444444', 'aaaaaaaa-aaaa-aaaa-aaaa-aaaaaaaaaaaa', 'VM.Standard.E4.Flex', 'E4 Flex 1 OCPU', '1 OCPU, 16 GB RAM - Always Free Eligible', 'us-ashburn-1', 1, 16, 0.025, 18.25, '{"family": "E4 Flex", "processor": "AMD EPYC"}'),
  ('44444444-4444-4444-4444-444444444444', 'aaaaaaaa-aaaa-aaaa-aaaa-aaaaaaaaaaaa', 'VM.Standard.E4.Flex.2', 'E4 Flex 2 OCPU', '2 OCPU, 32 GB RAM', 'us-ashburn-1', 2, 32, 0.050, 36.50, '{"family": "E4 Flex", "processor": "AMD EPYC"}'),
  ('44444444-4444-4444-4444-444444444444', 'aaaaaaaa-aaaa-aaaa-aaaa-aaaaaaaaaaaa', 'VM.Standard.E4.Flex.4', 'E4 Flex 4 OCPU', '4 OCPU, 64 GB RAM', 'us-ashburn-1', 4, 64, 0.100, 73.00, '{"family": "E4 Flex", "processor": "AMD EPYC"}'),
  ('44444444-4444-4444-4444-444444444444', 'aaaaaaaa-aaaa-aaaa-aaaa-aaaaaaaaaaaa', 'VM.Standard.E4.Flex.8', 'E4 Flex 8 OCPU', '8 OCPU, 128 GB RAM', 'us-ashburn-1', 8, 128, 0.200, 146.00, '{"family": "E4 Flex", "processor": "AMD EPYC"}'),
  ('44444444-4444-4444-4444-444444444444', 'aaaaaaaa-aaaa-aaaa-aaaa-aaaaaaaaaaaa', 'VM.Standard3.Flex', 'Standard 3 Flex 1 OCPU', '1 OCPU, 16 GB RAM', 'us-ashburn-1', 1, 16, 0.054, 39.42, '{"family": "Standard 3 Flex", "processor": "Intel Ice Lake"}'),
  ('44444444-4444-4444-4444-444444444444', 'aaaaaaaa-aaaa-aaaa-aaaa-aaaaaaaaaaaa', 'VM.Standard3.Flex.2', 'Standard 3 Flex 2 OCPU', '2 OCPU, 32 GB RAM', 'us-ashburn-1', 2, 32, 0.108, 78.84, '{"family": "Standard 3 Flex", "processor": "Intel Ice Lake"}'),
  ('44444444-4444-4444-4444-444444444444', 'aaaaaaaa-aaaa-aaaa-aaaa-aaaaaaaaaaaa', 'VM.Standard3.Flex.4', 'Standard 3 Flex 4 OCPU', '4 OCPU, 64 GB RAM', 'us-ashburn-1', 4, 64, 0.216, 157.68, '{"family": "Standard 3 Flex", "processor": "Intel Ice Lake"}'),
  ('44444444-4444-4444-4444-444444444444', 'aaaaaaaa-aaaa-aaaa-aaaa-aaaaaaaaaaaa', 'VM.Optimized3.Flex', 'Optimized 3 Flex 1 OCPU', '1 OCPU, 14 GB RAM - Compute Optimized', 'us-ashburn-1', 1, 14, 0.065, 47.45, '{"family": "Optimized 3 Flex", "processor": "Intel Ice Lake"}'),
  ('44444444-4444-4444-4444-444444444444', 'aaaaaaaa-aaaa-aaaa-aaaa-aaaaaaaaaaaa', 'VM.DenseIO.E4.Flex', 'DenseIO E4 Flex', '8 OCPU, 128 GB RAM, NVMe SSD', 'us-ashburn-1', 8, 128, 0.240, 175.20, '{"family": "DenseIO E4", "processor": "AMD EPYC", "storage": "NVMe"}')
ON CONFLICT (provider_id, name, region) DO UPDATE SET 
  display_name = EXCLUDED.display_name,
  price_per_hour = EXCLUDED.price_per_hour;

-- OCI GPU
INSERT INTO public.skus (provider_id, category_id, name, display_name, description, region, vcpu, memory_gb, gpu_type, gpu_count, gpu_memory_gb, tflops, price_per_hour, price_per_month, specs)
VALUES
  ('44444444-4444-4444-4444-444444444444', 'hhhhhhhh-hhhh-hhhh-hhhh-hhhhhhhhhhhh', 'VM.GPU.A10.1', 'GPU A10 x1', '1x NVIDIA A10 24GB', 'us-ashburn-1', 15, 240, 'NVIDIA A10', 1, 24, 125, 1.00, 730.00, '{"family": "GPU.A10"}'),
  ('44444444-4444-4444-4444-444444444444', 'hhhhhhhh-hhhh-hhhh-hhhh-hhhhhhhhhhhh', 'VM.GPU.A10.2', 'GPU A10 x2', '2x NVIDIA A10 24GB', 'us-ashburn-1', 30, 480, 'NVIDIA A10', 2, 48, 250, 2.00, 1460.00, '{"family": "GPU.A10"}'),
  ('44444444-4444-4444-4444-444444444444', 'hhhhhhhh-hhhh-hhhh-hhhh-hhhhhhhhhhhh', 'BM.GPU4.8', 'Bare Metal GPU4', '8x NVIDIA A100 40GB', 'us-ashburn-1', 64, 2048, 'NVIDIA A100', 8, 320, 2496, 17.80, 12994.00, '{"family": "GPU4", "type": "bare-metal"}'),
  ('44444444-4444-4444-4444-444444444444', 'hhhhhhhh-hhhh-hhhh-hhhh-hhhhhhhhhhhh', 'BM.GPU.A100-v2.8', 'Bare Metal A100 v2', '8x NVIDIA A100 80GB', 'us-ashburn-1', 128, 2048, 'NVIDIA A100', 8, 640, 2496, 22.00, 16060.00, '{"family": "GPU.A100-v2", "type": "bare-metal"}')
ON CONFLICT (provider_id, name, region) DO UPDATE SET 
  display_name = EXCLUDED.display_name,
  price_per_hour = EXCLUDED.price_per_hour;

-- OCI Database
INSERT INTO public.skus (provider_id, category_id, name, display_name, description, region, vcpu, memory_gb, price_per_hour, price_per_month, specs)
VALUES
  ('44444444-4444-4444-4444-444444444444', 'bbbbbbbb-bbbb-bbbb-bbbb-bbbbbbbbbbbb', 'MySQL.VM.Standard.E3.1.8GB', 'MySQL E3 1 OCPU', '1 OCPU, 8 GB RAM', 'us-ashburn-1', 1, 8, 0.0470, 34.31, '{"engine": "mysql"}'),
  ('44444444-4444-4444-4444-444444444444', 'bbbbbbbb-bbbb-bbbb-bbbb-bbbbbbbbbbbb', 'MySQL.VM.Standard.E3.2.16GB', 'MySQL E3 2 OCPU', '2 OCPU, 16 GB RAM', 'us-ashburn-1', 2, 16, 0.0940, 68.62, '{"engine": "mysql"}'),
  ('44444444-4444-4444-4444-444444444444', 'bbbbbbbb-bbbb-bbbb-bbbb-bbbbbbbbbbbb', 'MySQL.VM.Standard.E3.4.32GB', 'MySQL E3 4 OCPU', '4 OCPU, 32 GB RAM', 'us-ashburn-1', 4, 32, 0.1880, 137.24, '{"engine": "mysql"}'),
  ('44444444-4444-4444-4444-444444444444', 'bbbbbbbb-bbbb-bbbb-bbbb-bbbbbbbbbbbb', 'Autonomous-Transaction-Processing', 'Autonomous DB ATP', 'Serverless, per OCPU/hour', 'us-ashburn-1', 1, 0, 0.2520, 183.96, '{"engine": "autonomous", "type": "OLTP"}'),
  ('44444444-4444-4444-4444-444444444444', 'bbbbbbbb-bbbb-bbbb-bbbb-bbbbbbbbbbbb', 'Autonomous-Data-Warehouse', 'Autonomous DB ADW', 'Serverless, per OCPU/hour', 'us-ashburn-1', 1, 0, 0.2520, 183.96, '{"engine": "autonomous", "type": "DW"}')
ON CONFLICT (provider_id, name, region) DO UPDATE SET 
  display_name = EXCLUDED.display_name,
  price_per_hour = EXCLUDED.price_per_hour;

-- =====================================================
-- Storage SKUs (All Providers)
-- =====================================================

INSERT INTO public.skus (provider_id, category_id, name, display_name, description, region, storage_gb, price_per_hour, price_per_month, specs)
VALUES
  -- AWS S3
  ('11111111-1111-1111-1111-111111111111', 'cccccccc-cccc-cccc-cccc-cccccccccccc', 's3-standard', 'S3 Standard', '$0.023/GB/month', 'us-east-1', 1000, 0, 23.00, '{"class": "standard", "durability": "99.999999999%"}'),
  ('11111111-1111-1111-1111-111111111111', 'cccccccc-cccc-cccc-cccc-cccccccccccc', 's3-ia', 'S3 Infrequent Access', '$0.0125/GB/month', 'us-east-1', 1000, 0, 12.50, '{"class": "infrequent-access", "durability": "99.999999999%"}'),
  ('11111111-1111-1111-1111-111111111111', 'cccccccc-cccc-cccc-cccc-cccccccccccc', 's3-glacier', 'S3 Glacier', '$0.004/GB/month', 'us-east-1', 1000, 0, 4.00, '{"class": "glacier", "retrieval": "minutes to hours"}'),
  -- Azure Blob
  ('22222222-2222-2222-2222-222222222222', 'cccccccc-cccc-cccc-cccc-cccccccccccc', 'blob-hot', 'Blob Storage Hot', '$0.0184/GB/month', 'eastus', 1000, 0, 18.40, '{"tier": "hot", "redundancy": "LRS"}'),
  ('22222222-2222-2222-2222-222222222222', 'cccccccc-cccc-cccc-cccc-cccccccccccc', 'blob-cool', 'Blob Storage Cool', '$0.01/GB/month', 'eastus', 1000, 0, 10.00, '{"tier": "cool", "redundancy": "LRS"}'),
  ('22222222-2222-2222-2222-222222222222', 'cccccccc-cccc-cccc-cccc-cccccccccccc', 'blob-archive', 'Blob Storage Archive', '$0.002/GB/month', 'eastus', 1000, 0, 2.00, '{"tier": "archive", "redundancy": "LRS"}'),
  -- GCP Cloud Storage
  ('33333333-3333-3333-3333-333333333333', 'cccccccc-cccc-cccc-cccc-cccccccccccc', 'gcs-standard', 'Cloud Storage Standard', '$0.020/GB/month', 'us-central1', 1000, 0, 20.00, '{"class": "standard"}'),
  ('33333333-3333-3333-3333-333333333333', 'cccccccc-cccc-cccc-cccc-cccccccccccc', 'gcs-nearline', 'Cloud Storage Nearline', '$0.010/GB/month', 'us-central1', 1000, 0, 10.00, '{"class": "nearline"}'),
  ('33333333-3333-3333-3333-333333333333', 'cccccccc-cccc-cccc-cccc-cccccccccccc', 'gcs-coldline', 'Cloud Storage Coldline', '$0.004/GB/month', 'us-central1', 1000, 0, 4.00, '{"class": "coldline"}'),
  -- OCI Object Storage
  ('44444444-4444-4444-4444-444444444444', 'cccccccc-cccc-cccc-cccc-cccccccccccc', 'oci-standard', 'Object Storage Standard', '$0.0255/GB/month', 'us-ashburn-1', 1000, 0, 25.50, '{"tier": "standard"}'),
  ('44444444-4444-4444-4444-444444444444', 'cccccccc-cccc-cccc-cccc-cccccccccccc', 'oci-infrequent', 'Object Storage Infrequent', '$0.01/GB/month', 'us-ashburn-1', 1000, 0, 10.00, '{"tier": "infrequent-access"}'),
  ('44444444-4444-4444-4444-444444444444', 'cccccccc-cccc-cccc-cccc-cccccccccccc', 'oci-archive', 'Object Storage Archive', '$0.0026/GB/month', 'us-ashburn-1', 1000, 0, 2.60, '{"tier": "archive"}')
ON CONFLICT (provider_id, name, region) DO UPDATE SET 
  display_name = EXCLUDED.display_name,
  price_per_month = EXCLUDED.price_per_month;

-- Create index for faster SKU lookups
CREATE INDEX IF NOT EXISTS idx_skus_provider_category ON public.skus(provider_id, category_id);
CREATE INDEX IF NOT EXISTS idx_skus_category ON public.skus(category_id);
CREATE INDEX IF NOT EXISTS idx_skus_region ON public.skus(region);
